command,mean,stddev,median,user,system,min,max
build/main data/100.fastq out/main-100.tsv,0.012119015765000001,0.007781783710630703,0.010373664265000002,0.0029154700000000003,0.0018734019999999993,0.004259393765,0.03126700676500001
build/omp data/100.fastq out/omp-100.tsv,0.016517954465,0.008969365481327799,0.012404076765,0.00620837,0.017446979999999997,0.011432982765,0.040578522765
mpirun -np 10 -hostfile ~/hostfiles 		build/mpi data/100.fastq out/mpi-100.tsv,2.5175725843649994,0.29460695086497135,2.429345834765,0.28700757,0.19358227999999997,2.315761721765,3.341375716765
