command,mean,stddev,median,user,system,min,max
build/main data/100K.fastq out/main-100K.tsv,0.547623117435,0.1004296149342577,0.5326790315350001,0.38270471,0.061522425000000006,0.41223229053500005,0.775957768535
build/omp data/100K.fastq out/omp-100K.tsv,0.5377081132350001,0.03505889035239914,0.540898178535,1.7195086099999997,0.271807925,0.47518817553500003,0.583432501535
mpirun -np 10 -hostfile ~/hostfiles 		build/mpi data/100K.fastq out/mpi-100K.tsv,5.6789386931350005,0.14441952556964122,5.662741065035,0.6286043099999999,0.307796125,5.464920613535,5.940202807535
