command,mean,stddev,median,user,system,min,max
build/main data/10K.fastq out/main-10K.tsv,0.089806745015,0.0058817967138202355,0.08877941951500001,0.057030435000000004,0.011700455,0.082288193515,0.100029993515
build/omp data/10K.fastq out/omp-10K.tsv,0.080439316215,0.007385864921882101,0.077807014515,0.197097935,0.046557555,0.07651361451500001,0.10086347451500001
mpirun -np 10 -hostfile ~/hostfiles 		build/mpi data/10K.fastq out/mpi-10K.tsv,3.2691958266149994,0.38482745195166995,3.1504379830149998,0.35781173499999996,0.216060755,2.999488128515,4.282715675515
